,Precision Positive,Precision Negative,Precision Neutral,Precision Global,Precision Weighted,Difference Note
Moyenne,69.52324999999999,53.6275,14.14225,45.763999999999996,67.22049999999999,0.35525
Median,77.49,54.545,11.145,45.735,68.475,0.28500000000000003
Min,18.7,8.38,0.0,36.41,44.59,0.01
Max,96.21,94.74,66.67,58.72,91.09,1.18
